{"BRZ12345":{"entity":132104,"pos":{"r":{"y":-9.4607458114624,"z":171.9429168701172,"x":-1.7612167596817},"y":-719.9208984375,"z":34.08203125,"h":171.9429168701172,"x":202.958251953125},"props":{"model":55628203,"wheelColor":156,"tyreSmokeColor":[255,255,255],"color2":0,"locked":0,"interiorColor":0,"color1":0,"pearlescentColor":3,"extras":[],"plateIndex":0,"rgbcolor2":[8,8,8],"rgbcolor1":[8,8,8],"fuelLevel":"98.043968200684","neonEnabled":[false,false,false,false],"engine":false,"xenonColor":255,"bodyHealth":"100.0","plate":"BRZ12345","dirtLevel":"0.077398613095284","engineHealth":"965.51483154297","wheels":6,"neonColor":[255,0,255]}}}